iter,best_fitness
0,112.28052620903799
1,85.15786425176177
2,54.9589792821355
3,54.9589792821355
4,54.9589792821355
5,54.9589792821355
6,54.9589792821355
7,54.9589792821355
8,54.9589792821355
9,54.9589792821355
10,54.9589792821355
11,54.9589792821355
12,54.9589792821355
13,54.9589792821355
14,54.9589792821355
15,53.52397024436822
16,53.52397024436822
17,53.52397024436822
18,53.52397024436822
19,49.00991654650228
20,44.87721165865446
21,44.87721165865446
22,42.45250108686217
23,42.45250108686217
24,42.45250108686217
25,42.45250108686217
26,32.710235658989305
27,32.710235658989305
28,32.710235658989305
29,32.710235658989305
30,32.710235658989305
31,32.710235658989305
32,29.592068830502
33,29.592068830502
34,28.591749786052915
35,28.591749786052915
36,27.466307275596478
37,27.466307275596478
38,27.466307275596478
39,26.394655683752703
40,26.394655683752703
41,26.394655683752703
42,26.394655683752703
43,26.394429057033648
44,26.368104015333074
45,26.316820690953705
46,26.316820690953705
47,24.00768405723865
48,20.411916658114933
49,20.411916658114933
50,20.411916658114933
51,20.411916658114933
52,19.92905487826789
53,19.92905487826789
54,19.92905487826789
55,19.92905487826789
56,19.92905487826789
57,19.92905487826789
58,19.92905487826789
59,19.907970465413214
60,19.271739854480856
61,19.265680993571863
62,19.192534509396438
63,18.97570893925213
64,18.81138327043344
65,18.81138327043344
66,18.54224936694773
67,18.21562601079833
68,17.785658474353937
69,17.785658474353937
70,17.671143458757854
71,17.454028137502362
72,17.264593887899537
73,17.264593887899537
74,17.264593887899537
75,17.264593887899537
76,17.225233489988014
77,17.175525355983638
78,17.07872283520686
79,17.07872283520686
80,17.07872283520686
81,17.00382826079351
82,17.00382826079351
83,17.00382826079351
84,17.00382826079351
85,17.000234014882764
86,16.964814670251513
87,16.9619766817616
88,16.095783802570267
89,14.395604641242102
90,14.395604641242102
91,14.395604641242102
92,14.395604641242102
93,13.963973736211003
94,13.532079616788366
95,13.319678417614966
96,13.319678417614966
97,13.182376704058512
98,13.182376704058512
99,13.152754914257997
100,13.152754914257997
101,13.152754914257997
102,13.094451619223818
103,13.094451619223818
104,13.094451619223818
105,13.094451619223818
106,13.094451619223818
107,13.094451619223818
108,13.05459002341587
109,13.05459002341587
110,13.040678939919033
111,13.040678939919033
112,12.980355631251172
113,12.980355631251172
114,12.980355631251172
115,12.980355631251172
116,12.971055810152706
117,12.963749219615295
118,12.952845254131049
119,12.952845254131049
120,12.952845254131049
121,12.947689809843936
122,12.947689809843936
123,12.947689809843936
124,12.947689809843936
125,12.944814281146222
126,12.944814281146222
127,12.941772793446262
128,12.941772793446262
129,12.941772793446262
130,12.938882485419924
131,12.936460651762914
132,12.936460651762914
133,12.936460651762914
134,12.936182292774603
135,12.936182292774603
136,12.935524909462245
137,12.935524909462245
138,12.935369466350025
139,12.93525143657105
140,12.93525143657105
141,12.93518626199453
142,12.93518626199453
143,12.93518626199453
144,12.935109130287628
145,12.935109130287628
146,12.9346527165915
147,12.9346527165915
148,12.9346527165915
149,12.9346527165915
150,12.93461779090704
151,12.93455784283185
152,12.93455784283185
153,12.934551016498048
154,12.934510548351568
155,12.934503275474626
156,12.934503275474626
157,12.934503275474626
158,12.934492528978495
159,12.934492528978495
160,12.934477231128213
161,12.934477070274383
162,12.934477070274383
163,12.934472488423253
164,12.934472488423253
165,12.934472488423253
166,12.934472488423253
167,12.934459003887767
168,12.934453751522014
169,12.934450294658859
170,12.93444834011683
171,12.93444834011683
172,12.93444834011683
173,12.934447064654819
174,12.934444846036556
175,12.934444846036556
176,12.934444369932649
177,12.934443708287475
178,12.934441648573653
179,12.934441648573653
180,12.93444143762585
181,12.934440631246488
182,12.934440631246488
183,12.93443969585428
184,12.93443863734403
185,12.934438350115713
186,12.934438350115713
187,12.934438350115713
188,12.93443804163897
189,12.93443804163897
190,12.93443804163897
191,12.93443796318303
192,12.934437757952367
193,12.934437717156229
194,12.93443763383577
195,12.93443763383577
196,12.93443763383577
197,12.93443763383577
198,12.934437632705368
199,12.934437632705368
200,12.934437632283561
201,12.934437632283561
202,12.934437632283561
203,12.934437608580382
204,12.934437557273199
205,12.934437534110899
206,12.934437534110899
207,12.934437534110899
208,12.934437521438952
209,12.934437521438952
210,12.934437521438952
211,12.934437518413944
212,12.934437508327989
213,12.93443750102665
214,12.934437491632721
215,12.934437484344613
216,12.934437484344613
217,12.934437484344613
218,12.934437474886124
219,12.934437474886124
220,12.934437474886124
221,12.934437473626915
222,12.934437473626915
223,12.934437472795082
224,12.934437472795082
225,12.934437472169648
226,12.934437471464861
227,12.934437471464861
228,12.93443747122953
229,12.934437471079946
230,12.93443747066165
231,12.93443747066165
232,12.93443747060806
233,12.93443747060806
234,12.934437470405072
235,12.934437470246891
236,12.934437470246891
237,12.934437470205125
238,12.934437470189096
239,12.934437470062164
240,12.934437470062164
241,12.934437470047015
242,12.934437470033515
243,12.934437469958809
244,12.934437469953167
245,12.934437469953167
246,12.934437469944044
247,12.934437469927104
248,12.934437469927104
249,12.934437469918066
250,12.934437469918066
251,12.934437469915736
252,12.934437469885111
253,12.934437469873885
254,12.934437469870915
255,12.93443746987036
256,12.93443746987036
257,12.93443746987036
258,12.93443746987036
259,12.93443746986955
260,12.93443746986722
261,12.93443746986722
262,12.934437469863681
263,12.934437469863681
264,12.934437469863568
265,12.934437469863482
266,12.934437469863482
267,12.934437469863482
268,12.934437469862871
269,12.934437469862601
270,12.934437469861834
271,12.934437469861777
272,12.934437469861535
273,12.934437469860796
274,12.934437469860796
275,12.934437469860796
276,12.934437469860669
277,12.934437469860669
278,12.93443746986047
279,12.93443746986047
280,12.934437469860342
281,12.934437469860342
282,12.934437469860342
283,12.934437469860342
284,12.934437469860342
285,12.934437469860342
286,12.934437469860342
287,12.934437469860342
288,12.934437469860313
289,12.934437469860299
